url,segment_no,cumle_icerigi,kelime_sayisi
https://www.sozcu.com.tr/2020/ekonomi/yeniden-acilis-iznine-ragmen-120-restoran-kapilarini-acmadi-5788838/,0,abd nin georgia eyaletinde 120 restoran eyalet yönetiminin 26 nisan dan itibaren izin vermesine rağmen güvenli olmadığı gerekçesiyle yemek salonlarını açmadı ,21
https://www.sozcu.com.tr/2020/ekonomi/yeniden-acilis-iznine-ragmen-120-restoran-kapilarini-acmadi-5788838/,1,business insider ın haberine göre georgia eyaletinin başkenti atlanta da restoranlarının yemek salonlarını açmayan kişiler ortak bir açıklama yaptı ve çalışanlarımız misafirlerimiz toplumumuz ve sektörümüz için en iyisinin bu zamanda yemek salonlarının kapalı olması gerektiğine inanıyoruz ifadelerini kulladı ,38
https://www.sozcu.com.tr/2020/ekonomi/yeniden-acilis-iznine-ragmen-120-restoran-kapilarini-acmadi-5788838/,2,bir inisiyatif kurarak bir araya gelen söz konusu restoranların sahipleri ve şefler arasında ödüllü şefler ve castellucci hospitality group ceo su fred castellucci de bulunuyor ,25
https://www.sozcu.com.tr/2020/ekonomi/yeniden-acilis-iznine-ragmen-120-restoran-kapilarini-acmadi-5788838/,3,eyalette bazı zincir restoranlar da yemek salonlarını bu hafta açtı ,10
https://www.sozcu.com.tr/2020/ekonomi/yeniden-acilis-iznine-ragmen-120-restoran-kapilarini-acmadi-5788838/,4,castellucci business insider gönderdiği posta da kararlarının halk sağlığı yetkililerinden edindikleri verilere dayandığını belirtti vaka sayısının düşmesi durumunda kararlarını yeniden gözden geçireceklerini belirten castellucci bu durumda yeniden açılış planını uygulayabileceklerini söyledi ,31
https://www.sozcu.com.tr/2020/ekonomi/yeniden-acilis-iznine-ragmen-120-restoran-kapilarini-acmadi-5788838/,5,rezervasyon uygulaması seated nın kurucularından olan ve eyalette restoranların yeniden açılması öncesinde hazırlanan yeni sağlık ve güvenlik yönergesinin hazırlanmasına yardımcı olan bo peabody bu şartlarda açılan bir restoranın kâr elde edemeyeceğini kendisinin de restoranı yakın zamanda açmayı planlamadığını söyledi ,39
https://www.sozcu.com.tr/2020/ekonomi/yeniden-acilis-iznine-ragmen-120-restoran-kapilarini-acmadi-5788838/,6,söz konusu yönergede restoranların yüzde 50 kapasiteyle çalışması isteniyor ,9
https://www.sozcu.com.tr/2020/ekonomi/yeniden-acilis-iznine-ragmen-120-restoran-kapilarini-acmadi-5788838/,7,öte yandan mayıs cuma günü georgia eyaletinde bin yeni corona virüsü vakası tespit edildi ve toplam vaka sayısı 27 bin 123 yükseldi ölü sayısı da 33 artışa 1140 oldu ,29
https://www.sozcu.com.tr/2020/ekonomi/yeniden-acilis-iznine-ragmen-120-restoran-kapilarini-acmadi-5788838/,8,salgının merkezi konumundaki abd de vaka sayısı milyon 100 bini ölü sayısı 65 bini aşmış durumda ,16
https://www.sozcu.com.tr/2020/gundem/hamile-kadin-karpuz-aserdi-antalya-valisi-ozel-izin-verdi-5788872/,0,corona virüsü salgını nedeniyle sokağa çıkma kısıtlamasının uygulandığı antalya da vatandaşların acil ihtiyaçlarının karşılanmasına yönelik il genelinde vefa destek grupları ve antalya valiliği açık kapı uygulamasıyla hizmetler veriliyor ,28
https://www.sozcu.com.tr/2020/gundem/hamile-kadin-karpuz-aserdi-antalya-valisi-ozel-izin-verdi-5788872/,1,20 yaş altı ve 65 yaş üstü başta olmak üzere birçok vatandaş ihtiyaçları için belirlenen numaralardan yardım talebinde bulunuyorlar ,19
https://www.sozcu.com.tr/2020/gundem/hamile-kadin-karpuz-aserdi-antalya-valisi-ozel-izin-verdi-5788872/,2,hormonlarim tavan ağlayacağim ,3
https://www.sozcu.com.tr/2020/gundem/hamile-kadin-karpuz-aserdi-antalya-valisi-ozel-izin-verdi-5788872/,3,hamile olan cansu akdemir tümer ise sosyal medya hesabından antalya valisi münir karaloğlu na seslendi tümer paylaşımında ya allah aşkına sokağa çıkma yasağı yapıyorsunuz kendim başta olmak üzere diğer hamile kadınlar ne yapsın aşerilen şeylere ulaşamıyoruz bu durum gerçekten çok kötü hormonlarım zaten tavan valla ağlayacağım artık ifadelerinde bulundu ,49
https://www.sozcu.com.tr/2020/gundem/hamile-kadin-karpuz-aserdi-antalya-valisi-ozel-izin-verdi-5788872/,4,karpuz aşerdi̇ eşi̇ne i̇zi̇n veri̇ldi̇ ,5
https://www.sozcu.com.tr/2020/gundem/hamile-kadin-karpuz-aserdi-antalya-valisi-ozel-izin-verdi-5788872/,5,vali münir karaloğlu nun talimatıyla görevliler hamile kadınla iletişime geçti karpuz aşerdiği öğrenilen kadının eşine iki saatlik özel izin verildi özel izinle tümer in eşi sokağa çıkma kısıtlaması dışında olan antalya büyükşehir belediyesi toptancı hali nden karpuz alarak evine geri döndü ,41
https://www.sozcu.com.tr/2020/gundem/hamile-kadin-karpuz-aserdi-antalya-valisi-ozel-izin-verdi-5788872/,6,talebi karşılanan cansu akdemir tümer sayın valim başta olmak üzere size ve tüm çalışanlarınıza yardımlarınız için çok teşekkür ederim şöyle bir zaman diliminde asla hakkınızı ödeyemem allah hepinizden razı olsun paylaşımında bulundu ,32
https://www.sozcu.com.tr/2020/gundem/hamile-kadin-karpuz-aserdi-antalya-valisi-ozel-izin-verdi-5788872/,7,tüm kadinlarimiza sağlikli günler di̇li̇yorum ,5
https://www.sozcu.com.tr/2020/gundem/hamile-kadin-karpuz-aserdi-antalya-valisi-ozel-izin-verdi-5788872/,8,konuya ilişkin paylaşımda bulunan vali karaloğlu da cansu hanım cevapsız bırakamazdık makul ve masum talebini değerlendirdik sokağa çıkma kısıtı kapsamında eşine saatlik izin vererek talebinin yerine getirilmesine imkan sağladık tüm kadınlarımıza sağlıklı mutlu ve huzurlu günler diliyorum diye belirtti i̇ha ,40
https://www.sozcu.com.tr/2020/gundem/devlet-bahceli-isbirlik-cevreler-atesle-oynamaktadir-5789110/,0,mhp lideri devlet bahçeli yayınladığı mesajda şu ifadeleri kullandı ,9
https://www.sozcu.com.tr/2020/gundem/devlet-bahceli-isbirlik-cevreler-atesle-oynamaktadir-5789110/,1,i̇çinden geçtiğimiz küresel salgın döneminde milli şuurun muhkem ve muteber bir uyanışı olan mayıs 1944 milliyetçiler günü nü idrak ediyoruz ,20
https://www.sozcu.com.tr/2020/gundem/devlet-bahceli-isbirlik-cevreler-atesle-oynamaktadir-5789110/,2,merhum hüseyin nihal atsız ın ifadesiyle söylersek mayıs 1944 türkçülerin ızdırabı ile yoğrulmuş bir dönüm günüdür ,16
https://www.sozcu.com.tr/2020/gundem/devlet-bahceli-isbirlik-cevreler-atesle-oynamaktadir-5789110/,3,hangi zaviyeden tahlil ve tetkik edersek edelim kozmopolitlik yanlış bir görüş mahsulü yozlaşmış bir anlayış mecmudur ,16
https://www.sozcu.com.tr/2020/gundem/devlet-bahceli-isbirlik-cevreler-atesle-oynamaktadir-5789110/,4,komünizm ile kozmopolitizm aynı madalyonun birbirini tamamlayan iki ayrı yüzü gibidir nitekim birisi varsa diğeri yeşerip yaygınlaşacaktır ,17
https://www.sozcu.com.tr/2020/gundem/devlet-bahceli-isbirlik-cevreler-atesle-oynamaktadir-5789110/,5,her milli devlet tahkim ve temin ettiği adalet ve ahlak düzeni sayesinde medeniyet mektebi mensubiyet ve meftuniyet merkezidir milliyetçilik ise bu mektebin biteviye iradi güvencesi bahse konu merkezin bilenmiş ve billurlaşmış fikri gücüdür ,33
https://www.sozcu.com.tr/2020/gundem/devlet-bahceli-isbirlik-cevreler-atesle-oynamaktadir-5789110/,6,milliyetçiliğe karşı gösterilen husumet aleni itiraf edilmese de aynısıyla millet ve milliyet hislerine duyulan hazımsızlıkla ilgili ve ilişkilidir ,18
https://www.sozcu.com.tr/2020/gundem/devlet-bahceli-isbirlik-cevreler-atesle-oynamaktadir-5789110/,7,millet dediğimiz beşeri cevher uzun tarihi olan mücadelelerin müşterek fedakârlıkların müstesna sadakat duygularının parlak bir sonucudur hem milletin hem de milliyetin dayanağı kahramanlıklarla dolu tarihi olduğu kadar acılarla pekişmiş tecrübeleridir ,30
https://www.sozcu.com.tr/2020/gundem/devlet-bahceli-isbirlik-cevreler-atesle-oynamaktadir-5789110/,8,mayıs 1944 ün kahraman simaları bu gerçekleri özümsemiş sivil demokratik ve meşru bir direniş ruhuyla dönemin devlet ve siyaset zihniyetine haklı itirazlarını seslendirmişlerdir bunu yaparken korkuya teslim olmamışlardır i̇nanç ve iddialarından taviz vermemişlerdir ,33
https://www.sozcu.com.tr/2020/gundem/devlet-bahceli-isbirlik-cevreler-atesle-oynamaktadir-5789110/,9,akıbet mahkûmiyet de olsa duruşlarından gelecek hayal ve hedeflerinden geri düşmemişlerdir türk milliyetçiliğinin toplumsallaşması ilerleyen yıllarda kitleselleşip siyasi bir harekete dönüşerek kabuk değiştirmesi 76 yıl önceki olayların müessir neticelerinden birisi olarak değerlendirilmelidir ,32
https://www.sozcu.com.tr/2020/gundem/devlet-bahceli-isbirlik-cevreler-atesle-oynamaktadir-5789110/,10,milliyetçilik mahiyeti itibariyle milletin özlemlerini esas alan tarih ve kültür potasından tecelli edip bu suretle kaynaşma ve kucaklaşma hususiyetlerini sistematik ve disiplinli bir düşünce kalıbına döken bir dünya görüşü huzur refah ve birlikte yaşama ruhudur ,35
https://www.sozcu.com.tr/2020/gundem/devlet-bahceli-isbirlik-cevreler-atesle-oynamaktadir-5789110/,11,türk milleti aleyhine projelendirilip seri ve sistemli şekilde telkin edilen kara propagandalara türk milliyetçiliği bedeli ne olursa olsun inançla set ve sur çekmiştir mayıs 1944 olaylarının özünde yatan faik hakikat de budur ,32
https://www.sozcu.com.tr/2020/gundem/devlet-bahceli-isbirlik-cevreler-atesle-oynamaktadir-5789110/,12,akıl ve duygunun milli mensubiyet ve millet sevgisiyle eklemlenmesi devrin elitlerine görevdeki iktidar erkine ifade ve inanç hürriyetinin dinamik niteliğiyle tepkiye bürünmüştür ,22
https://www.sozcu.com.tr/2020/gundem/devlet-bahceli-isbirlik-cevreler-atesle-oynamaktadir-5789110/,13,1940 lı yılların milliyetçi kahramanları sonraki yıllarda onların izinden adım adım yürüyecek dava insanları gibi servet ve şöhret peşinde koşmak yerine vatan ve millet sevdasıyla bayraklaşmayı tercih etmişlerdir ,28
https://www.sozcu.com.tr/2020/gundem/devlet-bahceli-isbirlik-cevreler-atesle-oynamaktadir-5789110/,14,türk milliyetçiliğinin varlığı ve vakarı türk milletinin ortaya çıkışıyla tarih sahnesindeki yerini almıştır bu kapsamda diyebiliriz ki milliyetçiliğin 19 uncu yüzyılın ürünü olduğunu iddia ve ifade eden uyduruk batı tezlerinin bizim nazarımızda itibar ve inandırıcılığı katiyen yoktur ,37
https://www.sozcu.com.tr/2020/gundem/devlet-bahceli-isbirlik-cevreler-atesle-oynamaktadir-5789110/,15,pek çok ülkenin vahim bir salgınla pençeleştiği bir zaman aralığında milliyetçilik tarif ve takdimi yapılan yeni bir dünyanın anahtarı barış huzur güvenlik ve ekonomik gelişmişliğin asıl ve emin teminatıdır ,29
https://www.sozcu.com.tr/2020/gundem/devlet-bahceli-isbirlik-cevreler-atesle-oynamaktadir-5789110/,16,türk milliyetçiliği geleceğin büyük türkiye sinin yüksek türk ülküsünün mimarı ve müellifidir milliyetçilik varsa işgale heves edenler ihanete taşeronluk yapanlar pkk ya ve fetö ye refakatçilikle övünenler günü geldiğinde tarih sahnesinden silinip gideceklerdir ,33
https://www.sozcu.com.tr/2020/gundem/devlet-bahceli-isbirlik-cevreler-atesle-oynamaktadir-5789110/,17,türklüğün varoluşuyla birlikte nice kahramanın yaktığı istiklal meşalesi mayıs 1944 ün sisli ortamında daha da güçlenmiş çok şükür milliyetçi hareket partisi nin doğum ve doğruluş müjdesi olmuştur ,27
https://www.sozcu.com.tr/2020/gundem/devlet-bahceli-isbirlik-cevreler-atesle-oynamaktadir-5789110/,18,mayıs 1944 olayları vesilesiyle tutuklanan 24 dava insanımız sırf düşüncelerinden sadece türklük ve türkçülük ülkülerinden dolayı nice iftira ve isnatlara maruz kalsalar da hepsi şimdilerde minnetle hürmetle hayranlıkla anılmaktadır ,29
https://www.sozcu.com.tr/2020/gundem/devlet-bahceli-isbirlik-cevreler-atesle-oynamaktadir-5789110/,19,onlara her türlü zulmü reva görenler ise maşeri vicdanda çoktan yargılanıp suçlu bulunmuşlardır milliyetçiliğin demokrasiyle özdeşliğinin derin izlerini tam bağımsızlık ve hürriyetle birlikteliğinin kanıt ve kararlarını hiç kuşku yok ki 1940 lı yılların hüzün dolu sayfalarında görmek mümkündür ,38
https://www.sozcu.com.tr/2020/gundem/devlet-bahceli-isbirlik-cevreler-atesle-oynamaktadir-5789110/,20,bugünlerde demokrasi dışı arayışlarını gizlemeyen sandıkta bulamadıklarını sokaklardan devşirmeye çalışan sefil siyasetçilerin sefih destekçilerinin ağızlarından düşürmedikleri demokrasi elbette sahte ve sanaldır ,21
https://www.sozcu.com.tr/2020/gundem/devlet-bahceli-isbirlik-cevreler-atesle-oynamaktadir-5789110/,21,bunların söz ve açıklamaları yalnızca demagojiden ibarettir müstebit kafalar millete tepeden bakan anti demokratik emeller milli iradeyi yok sayan işbirlikçi çevreler bir şekilde sözüyle ateşle oynamaktadır ,26
https://www.sozcu.com.tr/2020/gundem/devlet-bahceli-isbirlik-cevreler-atesle-oynamaktadir-5789110/,22,bu şuursuzların dünü karışık bugünü zifiri karanlıktır türk milleti bu zalim ve demokrasi muhaliflerine asla müsaade etmeyecek zamanında yapılacak seçimlerde bu çürükleri sandığın dibine gönderecektir ,25
https://www.sozcu.com.tr/2020/gundem/devlet-bahceli-isbirlik-cevreler-atesle-oynamaktadir-5789110/,23,türk milliyetçiliği geçmişte nasıl haksızlığa ve hıyanete direnmişse günümüz de aynısını şevkle heyecanla imanla ifa etmektedir kaldı ki mayıs milliyetçiler günü haksızlığa mahrumiyete eziyete işkenceye işbirlikçiliğe sabır salabet sağduyu inanç akıl ve azimle meydan okumanın ifade ve ilan kudretidir ,39
https://www.sozcu.com.tr/2020/gundem/devlet-bahceli-isbirlik-cevreler-atesle-oynamaktadir-5789110/,24,ve de her zaman saygıyla yâd edilecek türkçü turancı milliyetçi gönüllerde onurla yaşayıp yaşatılacaktır bu vesileyle mayıs 1944 ün muhterem isimlerini türk milliyetçiliğinin simgeleşmiş yüzlerini aynı zamanda aziz şehitlerimizi rahmetle tazimle anıyorum allah hepsinden razı olsun diyorum ruhları şad mekânları cennet olsun ,42
https://www.sozcu.com.tr/2020/gundem/rektore-ogrencilerden-tepki-saglimizi-sinava-degismeyin-5789067/,0,corona virüsü salgını tedbirleri kapsamında üniversitelerde yüz yüze eğitime ara verilerek derslerin online olarak işlenmesine karar verilmişti i̇şlenen dersler sonrasında vize sınavları da internet üzerinden yapılarak öğrencilerin evlerinden çıkmamaları sağlanmıştı ,30
https://www.sozcu.com.tr/2020/gundem/rektore-ogrencilerden-tepki-saglimizi-sinava-degismeyin-5789067/,1,yüz yüze i̇hti̇mali̇ ,3
https://www.sozcu.com.tr/2020/gundem/rektore-ogrencilerden-tepki-saglimizi-sinava-degismeyin-5789067/,2,fırat üniversitesi rektörü prof dr kutbeddin demirdağ binlerce öğrenciyi ilgilendiren final ve bütünleme sınavlarıyla ilgili yeni bir açıklama yaptı sınavların yapılmasıyla ilgili ellerinde seçenek olduğunu belirten demirdağ şunları söyledi ,29
https://www.sozcu.com.tr/2020/gundem/rektore-ogrencilerden-tepki-saglimizi-sinava-degismeyin-5789067/,3,birinci seçeneğimiz 15 ile 28 haziran arası final haftası olacak sınavlar fakültelerde yapılacak bir hafta sonrasında yani temmuz ile 12 temmuz arasında bütünleme sınavları gerçekleştirilecek 13 temmuzdan sonra da yaz okulu ya da yaz stajlarını yapılacak ,36
https://www.sozcu.com.tr/2020/gundem/rektore-ogrencilerden-tepki-saglimizi-sinava-degismeyin-5789067/,4,bi̇ri̇nci̇ seçeneğe i̇şaret ,3
https://www.sozcu.com.tr/2020/gundem/rektore-ogrencilerden-tepki-saglimizi-sinava-degismeyin-5789067/,5,fırat üniversitesi nin açıkladığı ikinci seçenek ise şu şekilde düşünülüyor 22 haziran temmuz arasında final sınavları yapılacak 11 temmuz ile 19 temmuz arasında bütünleme sınavları olacak 20 temmuz dan sonra yaz okulu ve staj yapılacak ,35
https://www.sozcu.com.tr/2020/gundem/rektore-ogrencilerden-tepki-saglimizi-sinava-degismeyin-5789067/,6,üçüncü seçenek ise yani en kötü durumda uygulanacak olan senaryo da şöyle planlandı 29 haziran 12 temmuz arasında finaller yapılacak 18 temmuz ile 26 temmuz da bütünleme sınavları gerçekleştirilecek ,29
https://www.sozcu.com.tr/2020/gundem/rektore-ogrencilerden-tepki-saglimizi-sinava-degismeyin-5789067/,7,ağustos tarihinden sonra da yaz okulu ve staj gerçekleşecek benim düşüncem birinci seçeneğin uygulanacağı yönünde tabi salgının durumuna göre bu değişebilir ama bu şekilde giderse birinci seçeneği uygularız ,28
https://www.sozcu.com.tr/2020/gundem/rektore-ogrencilerden-tepki-saglimizi-sinava-degismeyin-5789067/,8,onli̇ne yapilsin talebi̇ ,3
https://www.sozcu.com.tr/2020/gundem/rektore-ogrencilerden-tepki-saglimizi-sinava-degismeyin-5789067/,9,rektör demirdağ ın final ve bütünleme sınavlarının yüz yüze yapılacağını duyurması sonrasında binlerce öğrenci sosyal medya üzerinden duruma tepki gösterdi final ve bütünleme sınavlarının da online olarak yapılmasını isteyen öğrenciler sosyal medyadan finaliuzaktanyap hashtagi açarak seslerini üniversite yönetimine duyurmaya çalıştılar ,40
https://www.sozcu.com.tr/2020/gundem/rektore-ogrencilerden-tepki-saglimizi-sinava-degismeyin-5789067/,10,sosyal medyadan tepki̇ ,3
https://www.sozcu.com.tr/2020/gundem/rektore-ogrencilerden-tepki-saglimizi-sinava-degismeyin-5789067/,11,fırat üniversitesi öğrencilerinin sosyal medyada verdikleri bazı tepkiler şöyle ,9
https://www.sozcu.com.tr/2020/gundem/rektore-ogrencilerden-tepki-saglimizi-sinava-degismeyin-5789067/,12,40 bin öğrencinin hayatının riske atılmasını istemiyoruz lütfen artık sesimizi duyun uzaktan eğitim istiyoruz online sınav istiyoruz ,17
https://www.sozcu.com.tr/2020/gundem/rektore-ogrencilerden-tepki-saglimizi-sinava-degismeyin-5789067/,13,her gün bıkmadan yazacağım uzaktan eğitimle ders anlatıp final ve bütünleme sınavlarının yüz yüze yapılması öğrencilere yapılmış bir haksızlıktır şu an masamda ders çalışmaya çalışıyorum yani 10 15 dakikada anlatılanlara kendi çabamla öğrenmeye çalışıyorum ,34
https://www.sozcu.com.tr/2020/gundem/rektore-ogrencilerden-tepki-saglimizi-sinava-degismeyin-5789067/,14,diğer üniversiteler gibi bize de uzaktan sınav yapın şu dönemde fiziksel bir sınav sürecine hayır diyoruz sesimize kulak verin ,19
https://www.sozcu.com.tr/2020/gundem/sokaga-cikma-yasagi-ne-zaman-bitecek-bakkallar-ve-marketler-acik-mi-5788034/,0,1 mayıs hafta sonuyla birleştiren sokağa çıkma yasağı başladı ve vatandaşlar sokağa çıkma yasağı süresince bakkal ve marketlerin açık olup olmayacağını araştırıyor peki bakkallar ve marketler hafta sonu açık mı ekmek su pide alınabilecek mi ,35
https://www.sozcu.com.tr/2020/gundem/sokaga-cikma-yasagi-ne-zaman-bitecek-bakkallar-ve-marketler-acik-mi-5788034/,1,bakkallar ve marketler ne zaman açilacak ,6
https://www.sozcu.com.tr/2020/gundem/sokaga-cikma-yasagi-ne-zaman-bitecek-bakkallar-ve-marketler-acik-mi-5788034/,2,30 büyükşehir ve zonguldak yönelik mayıs cuma mayıs cumartesi ve mayıs pazar günleri sokağa çıkma yasağı uygulanacak hafta sonu bakkallar ve marketler kapalı olacak ancak dışarıya yemek servisi yapan lokantalar ve tatlıcılar hizmetlerine devam edecek aynı şekilde evlere servis yapan su işletmeleri ve fırınlar da hizmetlerini sürdürecek pazartesi günü bakkallar ve marketler yeniden hizmet vermeye başlayacak ,56
https://www.sozcu.com.tr/2020/gundem/sokaga-cikma-yasagi-ne-zaman-bitecek-bakkallar-ve-marketler-acik-mi-5788034/,3,açik olacak i̇ş yeri̇ i̇şletme ve kurumlar ,7
https://www.sozcu.com.tr/2020/gundem/sokaga-cikma-yasagi-ne-zaman-bitecek-bakkallar-ve-marketler-acik-mi-5788034/,4,sokağa çıkma kısıtlamasının günlük hayata etkisini en az düzeyde tutmak amacıyla ,11
https://www.sozcu.com.tr/2020/gundem/sokaga-cikma-yasagi-ne-zaman-bitecek-bakkallar-ve-marketler-acik-mi-5788034/,5,ramazan ayı münasebetiyle sokağa çıkma kısıtlamasının öncesinde 30 04 2020 perşembe günü market bakkal ve manavların çalışma saatleri 08 00 23 00 olarak belirlendi ,24
https://www.sozcu.com.tr/2020/gundem/sokaga-cikma-yasagi-ne-zaman-bitecek-bakkallar-ve-marketler-acik-mi-5788034/,6,sokağa çıkma kısıtlamasının olduğu 01 05 2020 cuma günü market bakkal ve manavlar 09 00 14 00 saatleri arasında faaliyet gösterebilecek vatandaşların 65 yaş ve üzeri ile 20 yaş ve altında bulunanlar hariç olmak üzere zorunlu ihtiyaçlarının karşılanması ile sınırlı olmak ve araç kullanmamak şartıyla engelli vatandaşlarımız araç kullanabilir ikametlerine en yakın market bakkal ve manava gidip gelebilecek aynı saatler arasında market bakkal ve manavlar evlere adrese servis şeklinde de satış yapabilecek ,72
https://www.sozcu.com.tr/2020/gundem/sokaga-cikma-yasagi-ne-zaman-bitecek-bakkallar-ve-marketler-acik-mi-5788034/,7,02 05 2020 cumartesi ve 03 05 2020 pazar günleri market bakkal ve manavlar kapalı olacak ,16
https://www.sozcu.com.tr/2020/gundem/sokaga-cikma-yasagi-ne-zaman-bitecek-bakkallar-ve-marketler-acik-mi-5788034/,8,01 05 2020 cuma 02 05 2020 cumartesi ve 03 05 2020 pazar günleri ekmek üretiminin yapıldığı fırın ve veya unlu mamul ruhsatlı işyerleri ile bu işyerlerinin sadece ekmek satan bayileri ayrıca tatlı üretiminin yapıldığı satıldığı işyerleri bu işyerlerinde sadece ekmek unlu mamul ve tatlı satışı yapılabilir açık olacak ,49
https://www.sozcu.com.tr/2020/gundem/sokaga-cikma-yasagi-ne-zaman-bitecek-bakkallar-ve-marketler-acik-mi-5788034/,9,01 05 2020 cuma günü vatandaşların dışarı çıkamadığı saatler ile 02 05 2020 cumartesi ve 03 05 2020 pazar günleri tatlı satış amaçlı işyerleri sadece evlere adrese servis şeklinde satış yapabilecek ,31
https://www.sozcu.com.tr/2020/gundem/sokaga-cikma-yasagi-ne-zaman-bitecek-bakkallar-ve-marketler-acik-mi-5788034/,10,ramazan ayı münasebetiyle sokağa çıkma kısıtlaması olan 01 05 2020 cuma 02 05 2020 cumartesi ve 03 05 2020 pazar günleri sadece evlere paket servis şeklinde hizmet sunmak üzere lokanta ve restoran tarzı işyerleri ,34
https://www.sozcu.com.tr/2020/gundem/sokaga-cikma-yasagi-ne-zaman-bitecek-bakkallar-ve-marketler-acik-mi-5788034/,11,i̇laç tıbbi cihaz tıbbi maske ve dezenfektan üretimi nakliyesi ve satışına ilişkin faaliyetleri yürüten işyerleri ,15
https://www.sozcu.com.tr/2020/gundem/sokaga-cikma-yasagi-ne-zaman-bitecek-bakkallar-ve-marketler-acik-mi-5788034/,12,kamu ve özel sağlık kurum ve kuruluşları eczaneler veteriner klinikleri ve hayvan hastaneleri ,13
https://www.sozcu.com.tr/2020/gundem/sokaga-cikma-yasagi-ne-zaman-bitecek-bakkallar-ve-marketler-acik-mi-5788034/,13,zorunlu kamu hizmetlerinin sürdürülmesi için gerekli kamu kurum ve kuruluşları ile işletmeler havalimanları limanlar sınır kapıları gümrükler karayolları huzurevleri yaşlı bakım evleri rehabilitasyon merkezleri acil çağrı merkezleri afad birimleri vefa sosyal destek birimleri göç i̇daresi ptt vb ,37
https://www.sozcu.com.tr/2020/gundem/sokaga-cikma-yasagi-ne-zaman-bitecek-bakkallar-ve-marketler-acik-mi-5788034/,14,valilikler kaymakamlıklar tarafından yerleşim merkezleri için her 50 000 nüfusa bir adet ve il sınırları içinden geçen şehirlerarası karayolu ve varsa otoyol üzerinde her 50 km için bir adet olmak üzere belirlenecek sayıda akaryakıt istasyonu ve lastik tamircisi bu madde kapsamında açık olacak akaryakıt istasyonları ile lastik tamircileri kura yöntemi ile belirlenecektir ve nöbetçi akaryakıt istasyonlarının marketleri açık olacaktır ,59
https://www.sozcu.com.tr/2020/gundem/sokaga-cikma-yasagi-ne-zaman-bitecek-bakkallar-ve-marketler-acik-mi-5788034/,15,doğalgaz elektrik petrol sektöründe stratejik olarak faaliyet yürüten büyük tesis ve işletmeler rafineri ve petrokimya tesisleri ile termik ve doğalgaz çevrim santralleri gibi ,23
https://www.sozcu.com.tr/2020/gundem/sokaga-cikma-yasagi-ne-zaman-bitecek-bakkallar-ve-marketler-acik-mi-5788034/,16,i̇çme suyu dolum tesisleri ile içme suyu gazete ve mutfak tüpü dağıtımını yapan şirketler ,14
https://www.sozcu.com.tr/2020/gundem/sokaga-cikma-yasagi-ne-zaman-bitecek-bakkallar-ve-marketler-acik-mi-5788034/,17,hayvan barınakları hayvan çiftlikleri ve hayvan bakım merkezleri ,8
https://www.sozcu.com.tr/2020/gundem/sokaga-cikma-yasagi-ne-zaman-bitecek-bakkallar-ve-marketler-acik-mi-5788034/,18,sağlık hizmetlerinin kapasitesini arttırmaya yönelik acil inşaat donanım vb faaliyetleri yürüten işletme firmalar ,13
https://www.sozcu.com.tr/2020/gundem/sokaga-cikma-yasagi-ne-zaman-bitecek-bakkallar-ve-marketler-acik-mi-5788034/,19,bulunduğu yerin i̇l i̇lçe hıfzıssıhha kurulu tarafından izin verilmesi şartı ile makarna un ve unlu mamüller süt et balık üretimi gibi temel gıda maddelerinin üretiminin yapıldığı tesisler ve kâğıt kolonya üretimi başta olmak üzere hijyen malzemeleri ile bu malzemelerin üretimi için ihtiyaç duyulacak hammaddelerin üretiminin yapıldığı tesisler ,47
https://www.sozcu.com.tr/2020/gundem/sokaga-cikma-yasagi-ne-zaman-bitecek-bakkallar-ve-marketler-acik-mi-5788034/,20,yurt içi ve dışı taşımacılık ihracat ithalat transit geçişler dahil ve lojistiğini yapan firmalar ,14
https://www.sozcu.com.tr/2020/gundem/sokaga-cikma-yasagi-ne-zaman-bitecek-bakkallar-ve-marketler-acik-mi-5788034/,21,oteller ve konaklama yerleri ,4
https://www.sozcu.com.tr/2020/gundem/sokaga-cikma-yasagi-ne-zaman-bitecek-bakkallar-ve-marketler-acik-mi-5788034/,22,gıda temizlik ve ilaç gibi sektörlere ambalaj sağlayan üretim tesisleri ,10
https://www.sozcu.com.tr/2020/gundem/sokaga-cikma-yasagi-ne-zaman-bitecek-bakkallar-ve-marketler-acik-mi-5788034/,23,çalışanları inşaat alanında maden alanında bulunan şantiyede konaklayarak yapımı br veya çalışması devam eden büyük inşaatlar ile madenler bu madde kapsamında inşaat ve konaklama aynı şantiye alanı içinde ise izin verilir başka bir yerden çalışanların gelmesine ve şantiyede kalanların başka bir yere gitmelerine izin verilmez çalışma alanı sadece inşaat alanı maden sahaları ile sınırlıdır ,54
https://www.sozcu.com.tr/2020/gundem/sokaga-cikma-yasagi-ne-zaman-bitecek-bakkallar-ve-marketler-acik-mi-5788034/,24,gazete radyo ve televizyon kuruluşları ile gazete basım matbaaları ,9
https://www.sozcu.com.tr/2020/gundem/sokaga-cikma-yasagi-ne-zaman-bitecek-bakkallar-ve-marketler-acik-mi-5788034/,25,daha önceden sözleşmeye taahhüde bağlanmış ve belirlenen süre içerisinde yetiştirilmesi gereken ihracata konu mal malzeme ürün araç gereç üreten iş yerleri ve tesisler mevcut zorunluluklarını ispatlamaları ve anılan şartlara uymaları kaydıyla ,31
https://www.sozcu.com.tr/2020/gundem/sokaga-cikma-yasagi-ne-zaman-bitecek-bakkallar-ve-marketler-acik-mi-5788034/,26,sokağa çıkma kısıtlamasının olduğu 01 05 2020 cuma günü sebze meyve halleri ,12
https://www.sozcu.com.tr/2020/gundem/sokaga-cikma-yasagi-ne-zaman-bitecek-bakkallar-ve-marketler-acik-mi-5788034/,27,zirai amaçlı akaryakıt satışı yapılan tarım kredi kooperatifleri ,8
https://www.sozcu.com.tr/2020/gundem/sokaga-cikma-yasagi-ne-zaman-bitecek-bakkallar-ve-marketler-acik-mi-5788034/,28,kısıtlama süresinde yağmura bağımlı tarımsal faaliyetler göz önünde bulundurularak valilikler kaymakamlıklar tarafından tespit edilecek ihtiyaca göre kura ile belirlenecek zirai ilaç tohum fide gübre vb tarımsal üretime ilişkin ürün satışı yapan işletmeler ,32
https://www.sozcu.com.tr/2020/dunya/son-dakika-turkiyeden-baeye-sert-tepki-ikiyuzlu-siyasetini-gizleme-tesebbusudur-5785609/,0,dışişleri bakanlığı sözcüsü hami aksoy birleşik arap emirlikleri dışişleri ve uluslararası i̇şbirliği bakanlığı nın bugün yaptığı açıklama hakkındaki bir soruya cevap verdi ,22
https://www.sozcu.com.tr/2020/dunya/son-dakika-turkiyeden-baeye-sert-tepki-ikiyuzlu-siyasetini-gizleme-tesebbusudur-5785609/,1,aksoy yanıtında şu ifadeleri kullandı ,5
https://www.sozcu.com.tr/2020/dunya/son-dakika-turkiyeden-baeye-sert-tepki-ikiyuzlu-siyasetini-gizleme-tesebbusudur-5785609/,2,birleşik arap emirlikleri bae dışişleri ve uluslararası i̇şbirliği bakanlığı nın bugün yaptığı açıklama darbecilere her türlü desteği veren bir ülkenin ikiyüzlü siyasetini gizleme teşebbüsüdür ,24
https://www.sozcu.com.tr/2020/dunya/son-dakika-turkiyeden-baeye-sert-tepki-ikiyuzlu-siyasetini-gizleme-tesebbusudur-5785609/,3,türkiye arap ülkelerinin siyasi birlik ve toprak bütünlüklerine her zaman saygı göstermiş bu anlayışla libya da da meşruiyetin yanında yer almış ve siyasi çözüm çabalarını desteklemiştir bu ilkeli tutumumuz devam edecektir ,31
https://www.sozcu.com.tr/2020/dunya/son-dakika-turkiyeden-baeye-sert-tepki-ikiyuzlu-siyasetini-gizleme-tesebbusudur-5785609/,4,bae yönetimi nin türkiye hakkında çirkin ve asılsız ithamları esasen bu ülkenin kendi yıkıcı faaliyetlerini örtme saikinin ürünüdür bae libya daki darbecilere yıllardır silah askeri malzeme ve paralı asker desteği sağlamaktadır ,31
https://www.sozcu.com.tr/2020/dunya/son-dakika-turkiyeden-baeye-sert-tepki-ikiyuzlu-siyasetini-gizleme-tesebbusudur-5785609/,5,bae nin sadece libya da değil yemen suriye ve afrika boynuzu dahil tüm bölgemizde uluslararası barış güvenlik ve istikrarı bozucu hareketleri uluslararası toplumun malumudur bu bağlamda bae nin el şebab başta olmak üzere terör örgütlerine ve yemen de bölücü faaliyetlere verdiği destek de sır değildir ,45
https://www.sozcu.com.tr/2020/dunya/son-dakika-turkiyeden-baeye-sert-tepki-ikiyuzlu-siyasetini-gizleme-tesebbusudur-5785609/,6,bae yönetimi ni ülkemize karşı düşmanca tavır takınmaktan vazgeçmeye ve haddini bilmeye davet ediyoruz ,14
https://www.sozcu.com.tr/2020/dunya/son-dakika-turkiyeden-baeye-sert-tepki-ikiyuzlu-siyasetini-gizleme-tesebbusudur-5785609/,7,bölgede istikrar ve güvenliğin sağlanmasının yolunun herhangi bir ayırım gözetmeden sivil halkı hedef alan gayrimeşru çetelerin değil libya siyasi anlaşmasının ve meşru ulusal mutabakat hükümetinin desteklenmesinden geçtiğini tekrar vurguluyoruz ,29
https://www.sozcu.com.tr/2020/dunya/almanya-islam-din-egitimine-el-koydu-diyanet-turkiyenin-etkisinde-deyip-din-dersi-yetkisini-iptal-ettiler-5785288/,0,almanya da yaklaşık 300 bin türk ün yaşadığı hessen eyaleti ilk öğretimdeki bin 300 türk çocuğu ile yüksek öğretimdeki müslüman öğrencilere verilen i̇slam din dersleri ni diyanet i̇şleri türk i̇slam birliği nin di̇ti̇b elinden aldı ,35
https://www.sozcu.com.tr/2020/dunya/almanya-islam-din-egitimine-el-koydu-diyanet-turkiyenin-etkisinde-deyip-din-dersi-yetkisini-iptal-ettiler-5785288/,1,eyalet kültür bakanı prof dr alexander lorz başkanlığında i̇slam din bilimcisi prof dr mathias rohe türkolog dr günter seufert ve anayasa hukukçusu prof dr josef isensee nin katılımıyla yapılan inceleme sonucunda tek yanlı karar açıklandı bu kararın kısa sürede tüm almanya ya yayılması ve yüzbinlerce türk etkilemesi bekleniyor ,48
https://www.sozcu.com.tr/2020/dunya/almanya-islam-din-egitimine-el-koydu-diyanet-turkiyenin-etkisinde-deyip-din-dersi-yetkisini-iptal-ettiler-5785288/,2,türk hükümeti̇ne bağli ,3
https://www.sozcu.com.tr/2020/dunya/almanya-islam-din-egitimine-el-koydu-diyanet-turkiyenin-etkisinde-deyip-din-dersi-yetkisini-iptal-ettiler-5785288/,3,açıklamada 2012 yılında di̇ti̇b hessen teşkilatı ile başlatılan din derslerinin verilmesini uygulamasının sona erdirildiğini artık di̇ti̇b le çalışılmayacağını bunun da tek yanlı bir eyalet hükümeti kararı olduğu denilirken gerekçe olarak türk hükümetinden temel olarak bağımsız hareket etmediği yönündeki şüpheler gösterildi ,40
https://www.sozcu.com.tr/2020/dunya/almanya-islam-din-egitimine-el-koydu-diyanet-turkiyenin-etkisinde-deyip-din-dersi-yetkisini-iptal-ettiler-5785288/,4,di̇ti̇b in yeni hessen yönetiminin önceki yıllarda sorumsuzca yaptığı tüzük değişikliğinin eyalet hükümeti nin bu yöndeki karar almasında etkili olduğu belirtiliyor hessen di̇ti̇b daha önce çeşitli cemaatlerle anlaşıp din dersi yetkisi almıştı ancak 2015 ten sonraki di̇ti̇b yönetimi gereksiz ve aşırı değişiklik hırslarıyla bu sonucu hazırlamış oldu ,47
https://www.sozcu.com.tr/2020/dunya/almanya-islam-din-egitimine-el-koydu-diyanet-turkiyenin-etkisinde-deyip-din-dersi-yetkisini-iptal-ettiler-5785288/,5,kisa vadede düzelemezler ,3
https://www.sozcu.com.tr/2020/dunya/almanya-islam-din-egitimine-el-koydu-diyanet-turkiyenin-etkisinde-deyip-din-dersi-yetkisini-iptal-ettiler-5785288/,6,eyalet kültür bakanlığı nın açıklamasında yenilenen bilirkişi raporuna göre di̇ti̇b in gerekli kriterleri yerine getiremediğinin görüldüğü bu durumun kısa vadede değişmesinin mümkün olmadığı özellikle türkiye den bağımsız olmadığının saptandığı belirtildi ,30
https://www.sozcu.com.tr/2020/dunya/almanya-islam-din-egitimine-el-koydu-diyanet-turkiyenin-etkisinde-deyip-din-dersi-yetkisini-iptal-ettiler-5785288/,7,önceki gün basın toplantısı yapan bakan lorz bilirkişi isensee nin raporuna göre di̇ti̇b in üzerinde türk hükümetinin yoğun rahatlıkla görülebilen etkisi var ve bağımsızlığı çok az dedi ,27
https://www.sozcu.com.tr/2020/dunya/almanya-islam-din-egitimine-el-koydu-diyanet-turkiyenin-etkisinde-deyip-din-dersi-yetkisini-iptal-ettiler-5785288/,8,di̇ti̇b di̇yanete da erdoğan bağli ,5
https://www.sozcu.com.tr/2020/dunya/almanya-islam-din-egitimine-el-koydu-diyanet-turkiyenin-etkisinde-deyip-din-dersi-yetkisini-iptal-ettiler-5785288/,9,bilirkişi isensee ise yapılan geniş çaplı incelemede di̇ti̇b in din dersi için kriterleri yerine getiremediğini belirtti ,16
https://www.sozcu.com.tr/2020/dunya/almanya-islam-din-egitimine-el-koydu-diyanet-turkiyenin-etkisinde-deyip-din-dersi-yetkisini-iptal-ettiler-5785288/,10,isensee di̇ti̇b türkiye deki diyanet ten gelen talimatları uygulayan son bağlantı noktasıdır diyanet de doğrudan cumhurbaşkanı erdoğan bağlı böylece bağımsız bir kurum olarak hareket edebilmesi için asgari bir yeterliliğe dahi sahip değiller tüzüklerinde ve yönetmeliklerinde son yıllarda yaptıkları çeşitli değişikler bu bağlılığı ortadan kaldırmıyor di̇ti̇b in devlet bağımlılığı çok fazla diye konuştu ,52
https://www.sozcu.com.tr/2020/dunya/almanya-islam-din-egitimine-el-koydu-diyanet-turkiyenin-etkisinde-deyip-din-dersi-yetkisini-iptal-ettiler-5785288/,11,i̇ti̇raz hakki bulunuyor ,3
https://www.sozcu.com.tr/2020/dunya/almanya-islam-din-egitimine-el-koydu-diyanet-turkiyenin-etkisinde-deyip-din-dersi-yetkisini-iptal-ettiler-5785288/,12,di̇ti̇b in bu karara yasal olarak itiraz hakkı bulunuyor buna göre di̇ti̇b 2021 2022 öğretim yılından itibaren ders veremeyecek eyalette 56 ilkokulda 12 ayrı orta ve liselerde verilen din dersleri ise i̇slam dersi adı altında almanya nın yetiştirdiği öğretmenler tarafından verilecek ahmediye cemaati ise ders vermeye devam edecek ,48
https://www.sozcu.com.tr/2020/dunya/almanya-islam-din-egitimine-el-koydu-diyanet-turkiyenin-etkisinde-deyip-din-dersi-yetkisini-iptal-ettiler-5785288/,13,ayrıca öğrenciler gelecek yıldan itibaren seçmeli i̇slam dersi ne girebilecek ancak çoğunlukla almanya nın yetiştirdiği din dersi öğretmenleri ders verecek böylece almanya istediği gibi alman i̇slamını yerleştirmiş olacak ,28
https://www.sozcu.com.tr/2020/dunya/elon-musktan-corona-yasaklarina-tepki-bu-resmen-fasistlik-5784333/,0,musk dün ceo su olduğu elektrikli otomobil üreticisi tesla nın gelirlerinin ele alındığı bir toplantıda i̇nsanları anayasal haklarına aykırı olarak zorla evlerine hapsediyorsunuz yanlış ve korkunç yollarla insanların özgürlüklerini ellerinden alıyorsunuz bu insanları amerika ya getiren ya da amerika yı inşa ettiği değerlere aykırı diye konuştu ,46
https://www.sozcu.com.tr/2020/dunya/elon-musktan-corona-yasaklarina-tepki-bu-resmen-fasistlik-5784333/,1,elon musk geçtiğimiz aylarda 33 milyon takipçisinin olduğu twitter dan yayımladığı mesajlar nedeniyle salgını ciddiye almamak ve yanlış bilgiler paylaşmakla suçlanmıştı ,21
https://www.sozcu.com.tr/2020/dunya/elon-musktan-corona-yasaklarina-tepki-bu-resmen-fasistlik-5784333/,2,çocukların hastalığa karşı bağışıklığı olduğunu savunan musk fabrikalarını geç kapattığı için de eleştirilmişti ,13
https://www.sozcu.com.tr/2020/dunya/elon-musktan-corona-yasaklarina-tepki-bu-resmen-fasistlik-5784333/,3,38 milyar doları aşan servetiyle dünyanın en zengin 22 kişisi olan elon musk ın şirket toplantısından sonra attığı mesajlarda da koronavirüs önlemlerinin kaldırılması çağrısında bulundu ve i̇nsanlara özgürlüklerini geri verin amerika yı özgürleştirin dedi ,34
https://www.sozcu.com.tr/2020/dunya/elon-musktan-corona-yasaklarina-tepki-bu-resmen-fasistlik-5784333/,4,elon musk bu mesajlarında wall street journal gazetesinde yer alan ve önlemlerin hayat kurtarmadığı aksine yerel ekonomileri mahvettiği savunulan bir haberi de paylaştı ve yarından itibaren eyalette mağazalar restoranlar ve sinema salonlarını yeniden açma kararı alan teksas valisi greg abbott un kararını övdü brovo teksas dedi ,46
https://www.sozcu.com.tr/2020/dunya/elon-musktan-corona-yasaklarina-tepki-bu-resmen-fasistlik-5784333/,5,musk bir takipçisinin sorusu üzerine açıklamalarını düzeltti ve mağazaların ve iş yerlerinin hemen açılması gerektiğini kastetmediğini belirterek evet buraları dikkatli bir şekilde ve uygun önlemlerle açılmalı ama insanlar fiilen ev hapsine alınmamalı dedi ,33
https://www.sozcu.com.tr/2020/dunya/elon-musktan-corona-yasaklarina-tepki-bu-resmen-fasistlik-5784333/,6,facebook ceo su mark zuckerberg ise kendi şirketi içinde düzenlenen benzer bir toplantıda musk ınkine zıt görüşler belirtti ,18
https://www.sozcu.com.tr/2020/dunya/elon-musktan-corona-yasaklarina-tepki-bu-resmen-fasistlik-5784333/,7,zuckerberg bazı yerlerin çok erken hastalığın yayılma hızı asgariye düşürülmeden açılması büyük olasılıkla yeni salgınları beraberinde getirecek sağlık ve ekonomi açısından kriz ağırlaşacak dedi bbc türkçe ,26
https://www.sozcu.com.tr/2020/egitim/okullar-ne-zaman-egitime-baslayacak-1-haziranda-okullar-acilacak-mi-5783705/,0,türkiye de milyonlarca öğrenci okulların ne zaman açılacağını merak ediyor corona virüsü sebebiyle okullarına gidemeyen ve eğitimlerine online olarak evden devam eden öğrenciler okulların yeniden ne zaman açılacağını merak ediyor milli eğitim bakanı ziya selçuk okulların ne zaman açılacağı ile ilgili açıklamalarda bulundu i̇şte okulların tekrardan açılması planlanan tarih ,49
https://www.sozcu.com.tr/2020/egitim/okullar-ne-zaman-egitime-baslayacak-1-haziranda-okullar-acilacak-mi-5783705/,1,okullar ne zaman açilacak ,4
https://www.sozcu.com.tr/2020/egitim/okullar-ne-zaman-egitime-baslayacak-1-haziranda-okullar-acilacak-mi-5783705/,2,bakan selçuk dün yaptığı basın toplantısı ile online olarak uzaktan eğitimin 31 mayıs kadar devam edeceğini belirmişti bakan dün akşam bir televizyon programına katıldı ve okulların tekrar açılacağı tarih hakkında bilgilendirmede bulundu ,32
https://www.sozcu.com.tr/2020/egitim/okullar-ne-zaman-egitime-baslayacak-1-haziranda-okullar-acilacak-mi-5783705/,3,selçuk şu ifadeleri kullandı ,4
https://www.sozcu.com.tr/2020/egitim/okullar-ne-zaman-egitime-baslayacak-1-haziranda-okullar-acilacak-mi-5783705/,4,31 mayıs kadar bu süreç devam edecek sadece eğitimden bahsetmiyoruz ekonomide turizmde normalleşme bunu bütün olarak görmek lazım okullarımızın bir an önce açılmasını temenni ediyoruz her şey normal sürerse okulları haziran da açarız bütün toplumun bilgisi dahilinde bakanlıklarla aramızdaki iletişim çalışmalar hep bir yere bağlanıyor ,45
https://www.sozcu.com.tr/2020/egitim/okullar-ne-zaman-egitime-baslayacak-1-haziranda-okullar-acilacak-mi-5783705/,5,telafi̇ eği̇ti̇mi̇ ne zaman başlayacak ,5
https://www.sozcu.com.tr/2020/egitim/okullar-ne-zaman-egitime-baslayacak-1-haziranda-okullar-acilacak-mi-5783705/,6,bakan selçuk eğer her şey yolunda gider ve haziran da okulları tekrar açarsak telafi eğitiminin de başlayacağını söyledi selçuk haziran da okullar açılırsa şöyle bir süreci var bazı bir ölçme değerlendirmelerimiz var ne kadar eksiği olduğunu belirleriz bunu da bölgelere göre belirleriz dedi ,43
https://www.sozcu.com.tr/2020/saglik/turkiyenin-koronafobi-haritasi-en-cok-dogu-anadolu-ve-ege-korkuyor-5782155/,0,üsküdar üniversitesi corona virüsünün yol açtığı covid 19 salgının toplum psikolojisine yansımaları bakımından geniş katılımlı bir araştırma yaptı ,18
https://www.sozcu.com.tr/2020/saglik/turkiyenin-koronafobi-haritasi-en-cok-dogu-anadolu-ve-ege-korkuyor-5782155/,1,kadinlar corona konusunda daha kaygili ,5
https://www.sozcu.com.tr/2020/saglik/turkiyenin-koronafobi-haritasi-en-cok-dogu-anadolu-ve-ege-korkuyor-5782155/,2,tüm bu korku ve kaygılara rağmen katılımcıların büyük kısmı psikolojik olgunlaşma bildirdi en yüksek oran ise yüzde 74 ile sahip olduklarının kıymetini bilme konusunda oldu kadın katılımcıların korku ve kaygıları daha fazla erkek katılımcıların ise psikolojik olgunlaşma süreçleri daha zayıf ,40
https://www.sozcu.com.tr/2020/saglik/turkiyenin-koronafobi-haritasi-en-cok-dogu-anadolu-ve-ege-korkuyor-5782155/,3,araştırma sürecin yönetimine ilişkin algıları da ortaya koydu katılımcıların yüzde 58 covid 19 ile tıbbi mücadele konusunda dünyadaki gelişmiş ülkelere göre ülkemi daha başarılı görüyorum derken katılımcıların yüzde 82 si bu süreçte sağlık çalışanlarına yönelik düşüncelerinin olumlu yönde geliştiğini söyledi ,40
https://www.sozcu.com.tr/2020/saglik/turkiyenin-koronafobi-haritasi-en-cok-dogu-anadolu-ve-ege-korkuyor-5782155/,4,araştirma bölgede yapildi ,3
https://www.sozcu.com.tr/2020/saglik/turkiyenin-koronafobi-haritasi-en-cok-dogu-anadolu-ve-ege-korkuyor-5782155/,5,üsküdar üniversitesi sosyal bilimler enstitüsü müdürü psikiyatri uzmanı doç dr gökben hızlı sayar araştırma ile ilgili genel bilgilendirme yaptı sayar 17 25 nisan 2020 tarihleri arasında internet üzerinden doldurulan formlarla yürütülen araştırmaya marmara dan bin 121 ege den 567 akdeniz den 483 i̇ç anadolu dan 892 karadeniz den 569 doğu anadolu dan 240 güneydoğu anadolu dan 292 olmak üzere toplam bin 318 kişinin katıldığını söyledi ,65
https://www.sozcu.com.tr/2020/saglik/turkiyenin-koronafobi-haritasi-en-cok-dogu-anadolu-ve-ege-korkuyor-5782155/,6,en çok doğu anadolu ve ege korkuyor ,7
https://www.sozcu.com.tr/2020/saglik/turkiyenin-koronafobi-haritasi-en-cok-dogu-anadolu-ve-ege-korkuyor-5782155/,7,üsküdar üniversitesi epidemiyolojik araştırmalar çalışma grubu başkanı dr öğretim üyesi hüseyin ünübol ise araştırma bulguları hakkında yaptığı sunumunda araştırma sonuçlarının korkular salgın ilişkili kaygılar süreç yönetimi algısı ve olgunlaşma başlıkları altında değerlendirildiğini söyledi ,33
https://www.sozcu.com.tr/2020/saglik/turkiyenin-koronafobi-haritasi-en-cok-dogu-anadolu-ve-ege-korkuyor-5782155/,8,araştırma sonuçlarına göre corona virüsünden çok korkuyorum diyenlerin oranı yüzde 50 ile doğu anadolu bölgesi ve yüzde 49 oranı ile ege bölgesi oldu bu oranı yüzde 47 ile akdeniz bölgesi izlerken marmara i̇ç anadolu ve güneydoğu anadolu da bu oran yüzde 43 oldu karadeniz bölgesi ise yüzde 41 ile en az korkan bölge oldu ,54
https://www.sozcu.com.tr/2020/saglik/turkiyenin-koronafobi-haritasi-en-cok-dogu-anadolu-ve-ege-korkuyor-5782155/,9,karadeni̇z i̇n yüzde 15 hi̇ç korkmuyor ,6
https://www.sozcu.com.tr/2020/saglik/turkiyenin-koronafobi-haritasi-en-cok-dogu-anadolu-ve-ege-korkuyor-5782155/,10,koronavirüsten hiç korkmadığını söyleyenlerin oranı ise karadeniz bölgesinde yüzde 15 güneydoğu anadolu bölgesinde yüzde 14 i̇ç anadolu bölgesinde yüzde 13 ege ve doğu anadolu bölgelerinde yüzde 12 marmara da yüzde 11 ve akdeniz de yüzde 10 olarak belirlendi ,38
https://www.sozcu.com.tr/2020/saglik/turkiyenin-koronafobi-haritasi-en-cok-dogu-anadolu-ve-ege-korkuyor-5782155/,11,corona vi̇rüsü nedeni̇yle hayatimi kaybetmekten korkuyorum di̇yenler ,7
https://www.sozcu.com.tr/2020/saglik/turkiyenin-koronafobi-haritasi-en-cok-dogu-anadolu-ve-ege-korkuyor-5782155/,12,corona nedeniyle hayatımı kaybetmekten çok korkuyorum diyenlerin oranı ege bölgesinde yüzde 43 ile en yüksek olurken doğu anadolu da yüzde 40 oldu i̇ç anadolu ve güneydoğu anadolu bölgelerinde bu görüşte olanların oranı yüzde 39 iken akdeniz bölgesinde yüzde 38 marmara ve karadeniz bölgelerinde ise yüzde 37 oldu ,47
https://www.sozcu.com.tr/2020/saglik/turkiyenin-koronafobi-haritasi-en-cok-dogu-anadolu-ve-ege-korkuyor-5782155/,13,kalp çarpintisina yol açiyor ,4
https://www.sozcu.com.tr/2020/saglik/turkiyenin-koronafobi-haritasi-en-cok-dogu-anadolu-ve-ege-korkuyor-5782155/,14,ne zaman koronavirüs kapmakla ilgili düşünsem kalp çarpıntım oluyor diyenlerin oranı ise yüzde 20 ile en yüksek güneydoğu anadolu bölgesinde oldu akdeniz de yüzde 17 olan bu oran ege ve doğu anadolu da yüzde 15 olan bu oran marmara ve i̇ç anadolu da yüzde 14 karadeniz bölgesinde ise yüzde 13 oldu ,51
https://www.sozcu.com.tr/2020/saglik/turkiyenin-koronafobi-haritasi-en-cok-dogu-anadolu-ve-ege-korkuyor-5782155/,15,beli̇rsi̇zli̇k korkutuyor ,2
https://www.sozcu.com.tr/2020/saglik/turkiyenin-koronafobi-haritasi-en-cok-dogu-anadolu-ve-ege-korkuyor-5782155/,16,araştırmada salgın ilişkili farklı kaygı konuları dikkat çekti buna göre katılımcıların yüzde 49 sı salgın sürecinin belirsizliği nedeniyle kaygı yaşıyor ,20
https://www.sozcu.com.tr/2020/saglik/turkiyenin-koronafobi-haritasi-en-cok-dogu-anadolu-ve-ege-korkuyor-5782155/,17,ceza i̇nfaz yasasi endi̇şelendi̇ri̇yor ,4
https://www.sozcu.com.tr/2020/saglik/turkiyenin-koronafobi-haritasi-en-cok-dogu-anadolu-ve-ege-korkuyor-5782155/,18,salgın nedeniyle gerçekleştirilen ceza i̇nfaz yasası ndaki düzenleme sonuçlarını kaygı verici bulanların oranı ise yüzde 45 oldu br sosyal ilişkilerden uzak kalmak yüzde 40 kişinin ölümü halinde aile bireylerinin geleceği ile ilgili kaygısı yüzde 35 yeterli sağlık hizmeti alamama endişesi yüzde 31 koruyucu ekipmana ulaşamama endişesi yüzde 31 ekonomik sorunlar yaşama kaygısı yüzde 30 kendi ya da çocuğunun eğitiminin aksaması yüzde 24 evden dilediği zaman çıkamamak yüzde 27 aile bireylerinin ruhsal durumları yüzde 27 fiziksel güvenliği sağlayamama kaygısı yüzde 26 toplumda silahlanma yaşanması kaygısı yüzde 23 etkinlik ibadet hobileri sürdürememek yüzde 23 gerekli durumda il dışına çıkamamak yüzde 22 işsiz kalma kaygısı yüzde 21 olarak belirlendi ,106
https://www.sozcu.com.tr/2020/saglik/turkiyenin-koronafobi-haritasi-en-cok-dogu-anadolu-ve-ege-korkuyor-5782155/,19,sağlik çalişanlari endi̇şeli̇ ,3
https://www.sozcu.com.tr/2020/saglik/turkiyenin-koronafobi-haritasi-en-cok-dogu-anadolu-ve-ege-korkuyor-5782155/,20,araştırma koronavirüsle mücadelede en önde savaşan sağlık çalışanlarının kaygılarına ilişkin verileri de ortaya koydu çalışmaya katılan 897 sağlık çalışanı sağlık çalışanlarına yönelik şiddetle ilgili yüzde 55 oranında kaygı taşıyor sürecin belirsizliğini kaygı verici bulan sağlık çalışanlarının oranı yüzde 50 i̇nfaz düzenlemesi değişikliğini kaygı verici bulan sağlık çalışanlarının oranı yüzde 49 oldu sağlık çalışanları yeterli koruyucu ekipmana ulaşamamak konusunda yüzde 44 ölümü halinde aile bireylerinin gelecekleri konusunda yüzde 43 oranında kaygı duyuyor ,71
https://www.sozcu.com.tr/2020/saglik/turkiyenin-koronafobi-haritasi-en-cok-dogu-anadolu-ve-ege-korkuyor-5782155/,21,covid 19 sürecinde sağlık çalışanlarına yönelik düşüncelerim olumlu yönde gelişti diyenlerin oranı ise yüzde 82 oldu ,16
https://www.sozcu.com.tr/2020/saglik/turkiyenin-koronafobi-haritasi-en-cok-dogu-anadolu-ve-ege-korkuyor-5782155/,22,eli̇mdeki̇leri̇n kiymeti̇ni̇ daha i̇yi̇ anladim ,5
https://www.sozcu.com.tr/2020/saglik/turkiyenin-koronafobi-haritasi-en-cok-dogu-anadolu-ve-ege-korkuyor-5782155/,23,salgın sürecinin olgunlaşmaya etkilerinin de ölçüldüğü araştırmada katılımcıların yüzde 74 elimdekilerin kıymetini daha iyi anladım yüzde 59 yaşamda önem verdiğim şeylerin öncelik sırası değişti dedi zorlukları göğüsleyebileceğimi anladım ve olayları olduğu gibi kabulleniyorum diyenlerin oranı yüzde 56 olurken manevi konulara ilgim arttı diyenlerin oranı yüzde 49 oldu katılımcıların yüzde 48 de i̇lişkilerime daha çok emek sarf etmeye başladım dedi ,59
https://www.sozcu.com.tr/2020/saglik/turkiyenin-koronafobi-haritasi-en-cok-dogu-anadolu-ve-ege-korkuyor-5782155/,24,araştirma sonuçlari alti başlikta toplandi ,5
https://www.sozcu.com.tr/2020/saglik/turkiyenin-koronafobi-haritasi-en-cok-dogu-anadolu-ve-ege-korkuyor-5782155/,25,üsküdar üniversitesi kurucu rektörü psikiyatrist prof dr nevzat tarhan da araştırmanın sonuçlarını açıkladı araştırmanın sonuçları süreç yönetimi geleceğe yönelik kaygılar korkular sağlık çalışanları olgunlaşma ve cinsiyet farklılıkları olmak üzere altı başlıkta toplandı ,32
https://www.sozcu.com.tr/2020/saglik/turkiyenin-koronafobi-haritasi-en-cok-dogu-anadolu-ve-ege-korkuyor-5782155/,26,süreç yönetimi sağlık çalışanları çok büyük oranda daha pozitif algılanıyor yüzde 82 katılımcıların yarıdan fazlasıtıbbi ve bilimsel süreçlerin yönetimini gelişmiş ülkelerden daha iyi buluyor yüzde 58 br geleceğe yönelik kaygılar sürecin belirsizliği yüzde 50 ceza infaz yasası düzenlemesinin sonuçlarına dair endişe yüzde 46 sosyal ilişkilerden uzak kalmak yüzde 41 sağlık hizmetine ulaşamama kaygısı yüzde31 genel toplumda en yüksek kaygılar br korkular taranan toplumda kadınların yüzde 49 erkeklerin yüzde 35 hayatlarını etkileyecek biçimde korkuyor haberler ve sosyal medya takip ederken yaşanan endişeler yüksek yüzde 51 br sağlık çalışanları korkuları daha düşük olmakla birlikte kaygıları toplum genelinden daha farklı sağlık çalışanlarına yönelik şiddet olaylarının artması endişesi yüzde 55 koruyucu ekipman bulamama korkusu yüzde 44 ve kendi ölümleri halinde aile bireylerinin refahları ile ilgili endişe yüzde 43 duyuyorlar br olgunlaşma tüm bu korku ve kaygılara rağmen katılımcıların büyük kısmı psikolojik olgunlaşma bildirmekte en yüksek oran sahip olduklarının kıymetini bilme konusunda yüzde 74 br cinsiyet farklılıkları kadın katılımcıların korku ve kaygıları daha fazla erkek katılımcıların ise psikolojik olgunlaşma süreçleri daha zayıf ,167
https://www.sozcu.com.tr/2020/saglik/turkiyenin-koronafobi-haritasi-en-cok-dogu-anadolu-ve-ege-korkuyor-5782155/,27,türki̇ye olgunlaşiyor ,2
https://www.sozcu.com.tr/2020/saglik/turkiyenin-koronafobi-haritasi-en-cok-dogu-anadolu-ve-ege-korkuyor-5782155/,28,araştırmanın sonuç bölümünde önerilere de yer verildi br türkiye olgunlaşıyor br krizin pozitif boyu br kadın erkek farkları br belirsizliklerin olabildiğince azaltılması br ceza i̇nfaz düzenlemeleri konusundaki kaygının ele alınması br sağlık çalışanlarının kaygıları br sağlıkta şiddet yasası zamanlaması br sağlık çalışanlarının ölümleri halinde çocuklarının gelecekleri ile ilgili endişeleri br sağlık çalışanlarını pozitif algılama br covid 19 kaynaklı ölümlerde yakınlara psikolojik destek ,62
https://www.sozcu.com.tr/2020/sigorta/1-mayista-evden-calisanlar-fazla-mesai-alacak-mi-evden-calisanlarin-fazla-mesai-hakki-var-mi-5785924/,0,evden çalışma durumlarında fazla mesai ücretinin nasıl uygulanacağı merak ediliyor milyonlarca kişi salgın sonrası evden çalışmaya başladı tüm dünyayı etkisi altına alan corona virüsü salgını çalışma hayatını da değiştirdi ve bazı sorular önem kazandı peki mayıs ta mesai yapanlar ve resmi tatillerde evden çalışanlar mesai ücreti alabilir mi ,48
https://www.sozcu.com.tr/2020/sigorta/1-mayista-evden-calisanlar-fazla-mesai-alacak-mi-evden-calisanlarin-fazla-mesai-hakki-var-mi-5785924/,1,resmi̇ tati̇llerde evden çalişanlar mesai̇ alir mi ,7
https://www.sozcu.com.tr/2020/sigorta/1-mayista-evden-calisanlar-fazla-mesai-alacak-mi-evden-calisanlarin-fazla-mesai-hakki-var-mi-5785924/,2,sözcü gazetesi sosyal güvenlik yazarı sezgin özcan konu hakkında sozcu com tr ye açıklamalarda bulundu ,15
https://www.sozcu.com.tr/2020/sigorta/1-mayista-evden-calisanlar-fazla-mesai-alacak-mi-evden-calisanlarin-fazla-mesai-hakki-var-mi-5785924/,3,corona salgınından önce çalışanların iş yerlerine giriş çıkış saatleri sistemler üzerinden takip edilebiliyordu ancak şu an çok sayıda kişi işlerini evden yürütüyor uzaktan çalışma diye bir uygulama olduğunu söyleyen özcan kişiyle iş sözleşmesi yapılırken uzaktan çalışma şartları da belirlenir burada normalde işin nasıl yapılacağı çalışma süreleri gibi unsurlar vardır hatta uzaktan çalışmada geçirilen iş kazaları bile iş yerinde geçirilmiş kabul edilir ancak virüsten kaynaklı evden çalışmak tam olarak uzaktan çalışma durumu değil usul ve esasları kimse sormuyor mevcut sözleşmeye ek bir protokol yapıldığını sanmıyorum açıklamasında bulundu ,86
https://www.sozcu.com.tr/2020/sigorta/1-mayista-evden-calisanlar-fazla-mesai-alacak-mi-evden-calisanlarin-fazla-mesai-hakki-var-mi-5785924/,4,i̇spat edebi̇li̇yorsa hak kazanir ,4
https://www.sozcu.com.tr/2020/sigorta/1-mayista-evden-calisanlar-fazla-mesai-alacak-mi-evden-calisanlarin-fazla-mesai-hakki-var-mi-5785924/,5,özcan evden çalışma sürecinde fazla mesai ücreti konusunda ise şunları söyledi ,11
https://www.sozcu.com.tr/2020/sigorta/1-mayista-evden-calisanlar-fazla-mesai-alacak-mi-evden-calisanlarin-fazla-mesai-hakki-var-mi-5785924/,6,genel olarak eğer çalışan fazla çalıştığını ispat edebiliyorsa ve bunun kontrolü mümkünse bu durumda fazla çalışma ödemesi alınabilir bunu ortaya koyabilirse mesai ücretine hak kazanılabilir ,25
https://www.sozcu.com.tr/2020/sigorta/1-mayista-evden-calisanlar-fazla-mesai-alacak-mi-evden-calisanlarin-fazla-mesai-hakki-var-mi-5785924/,7,peki evden çalışma sürecinde resmi tatillerde evinden çalışan kişiler mesai ücreti almaya hak kazanır mı sezgin özcan konu hakkında yaptığı açıklamada resmi tatillerde evden çalışmaya devam eden çalışanların mesai ücreti almaya hak kazanacaklarını söyledi ,34
https://www.sozcu.com.tr/2020/gundem/imamoglundan-umraniye-goztepe-metrosu-mujdesi-2022de-acilacak-5788948/,0,i̇stanbul büyükşehir belediyesi i̇bb başkanı ekrem i̇mamoğlu 2017 den itibaren durmuş bir proje olan ümraniye ataşehir göztepe metro hattı nın yapım çalışmalarını 20 eylül 2019 da yeniden başlatmıştı ,28
https://www.sozcu.com.tr/2020/gundem/imamoglundan-umraniye-goztepe-metrosu-mujdesi-2022de-acilacak-5788948/,1,i̇mamoğlu tüm dünyayı etkisi altına alan pandemi sürecine rağmen yapımı devam eden hattaki çalışmaları yerinde inceledi yaklaşık 25 metre derinliğindeki ataşehir i̇stasyonu şantiyesine inen i̇mamoğlu raylı sistemler daire başkanı pelin alpkökin den çalışmalarla ilgili bilgi aldı ,36
https://www.sozcu.com.tr/2020/gundem/imamoglundan-umraniye-goztepe-metrosu-mujdesi-2022de-acilacak-5788948/,2,i̇mamoğlu na ataşehir belediye başkanı battal i̇lgezdi de eşlik etti i̇mamoğlu ve beraberindeki heyet incelemelerin ardından bir iş aracına binerek metro hattı tüneli boyunca yaklaşık 500 metrelik gezi gerçekleştirdi ,29
https://www.sozcu.com.tr/2020/gundem/imamoglundan-umraniye-goztepe-metrosu-mujdesi-2022de-acilacak-5788948/,3,11 durakli 16 km li̇k hat ,6
https://www.sozcu.com.tr/2020/gundem/imamoglundan-umraniye-goztepe-metrosu-mujdesi-2022de-acilacak-5788948/,4,tüneli kazan tbm tunel boring machine tünel açma makinesi cihazının çalışmasını yerinde izleyen i̇mamoğlu hatla ilgili şu bilgileri paylaştı ,19
https://www.sozcu.com.tr/2020/gundem/imamoglundan-umraniye-goztepe-metrosu-mujdesi-2022de-acilacak-5788948/,5,2017 den itibaren durmuş projeydi ataşehir den başlayan göztepe nin yoğunluğunu aldığı aynı zamanda ümraniye ile buluşan bir hat günde 400 bin kapasiteli bir hat olması bekleniyor ,27
https://www.sozcu.com.tr/2020/gundem/imamoglundan-umraniye-goztepe-metrosu-mujdesi-2022de-acilacak-5788948/,6,arkadaşlarımız bu şantiye ile ilgili kredi girişimlerini yaptı 2017 den 2019 kadar durum bu şantiyeyi dönemde 175 milyon euro luk bir finansman sağlayarak harekete geçirdik ,25
https://www.sozcu.com.tr/2020/gundem/imamoglundan-umraniye-goztepe-metrosu-mujdesi-2022de-acilacak-5788948/,7,eylül 2019 dan bu yana yoğun bir çalışma yürütülüyor 11 duraklı yaklaşık 16 kilometre mesafeye ulaşan bir metro hattını devreye alacağız ,21
https://www.sozcu.com.tr/2020/gundem/imamoglundan-umraniye-goztepe-metrosu-mujdesi-2022de-acilacak-5788948/,8,niyetimiz 2022 nin ortalarında bu hattı devreye almak umarım 2022 yılında göztepe parkı ndan başlayarak ümraniye de sona eren bu yoğun hat üzerinde hizmet veren çok değerli bir metromuzu i̇stanbullulara hediye etmiş olacağız ,33
https://www.sozcu.com.tr/2020/gundem/imamoglundan-umraniye-goztepe-metrosu-mujdesi-2022de-acilacak-5788948/,9,farkli i̇lçede yatirim i̇ncelemesi̇ ,4
https://www.sozcu.com.tr/2020/gundem/imamoglundan-umraniye-goztepe-metrosu-mujdesi-2022de-acilacak-5788948/,10,i̇mamoğlu ataşehir deki metro incelemesinin ardından ümraniye de farklı noktada gerçekleştirilen çalışmalarla ilgili i̇ski̇ genel müdürü raif mermutlu dan bilgi aldı ,21
https://www.sozcu.com.tr/2020/gundem/imamoglundan-umraniye-goztepe-metrosu-mujdesi-2022de-acilacak-5788948/,11,i̇mamoğlu nun son durağı üsküdar oldu mimar sinan mahallesi nde i̇bb ye ait hakimiyet milliye çarşısı ve zeminaltı katlı otopark inşaatında incelemelerde bulunan i̇mamoğlu na üsküdar belediye başkanı hilmi türkmen de eşlik etti ,33
https://www.sozcu.com.tr/2020/gundem/imamoglundan-umraniye-goztepe-metrosu-mujdesi-2022de-acilacak-5788948/,12,bu projeyi üsküdar halkı da üsküdar belediye başkanı mız da dört gözle bekliyor diyen i̇mamoğlu şunları söyledi ,17
https://www.sozcu.com.tr/2020/gundem/imamoglundan-umraniye-goztepe-metrosu-mujdesi-2022de-acilacak-5788948/,13,bizim de önem verdiğimiz bir proje biz bu günleri maksimum değerlendirmek ve bu yıl sonuna kadar bitirmek arzusundaydık tabi bu covid etkisi her şantiyeyi etkiliyor ,25
https://www.sozcu.com.tr/2020/gundem/imamoglundan-umraniye-goztepe-metrosu-mujdesi-2022de-acilacak-5788948/,14,umuyorum çok geciktirmeden yine sözümüze yakın bir takvimde burayı üsküdar halkına el birliğiyle hediye ederiz ,15
https://www.sozcu.com.tr/2020/gundem/imamoglundan-umraniye-goztepe-metrosu-mujdesi-2022de-acilacak-5788948/,15,belediyenin çarşısı i̇bb nin otoparkı meydan düzenlemesiyle beraber etrafındaki tarihi doku mimar sinan çarşısı ve camileriyle aşağıdaki bitmiş olan meydanımızla sahile uzanan kısmıyla allah ın izniyle burayı bir an önce üsküdarlılarla buluşturmak niyetindeyiz ,33
https://www.sozcu.com.tr/2020/gundem/imamoglundan-umraniye-goztepe-metrosu-mujdesi-2022de-acilacak-5788948/,16,i̇mamoğlu ve türkmen buradaki saha gezisinin ardından üsküdar sahiline indi ve tarihi kuşkonmaz camii nde gerçekleştirilen restorasyon çalışmalarını yerinde inceledi ,20
https://www.sozcu.com.tr/2020/gundem/chpli-belediyenin-ismine-bile-tahammul-edemediler-5788646/,0,denizli i̇l kültür ve turizm müdürlüğü kentin camilerini konu alan denizli nin kalem i̇şi camileri adlı bir kitap yayınladı tanıtım amacı taşıyan kitaptan bin adet bastırıldı ,26
https://www.sozcu.com.tr/2020/gundem/chpli-belediyenin-ismine-bile-tahammul-edemediler-5788646/,1,bir hafta önce baskısı tamamlanan kitabın giderini denizli valiliği yatırım ve i̇zleme koordinasyon başkanlığı üstlendi fakat kitapta resmi basılan camilerden birinin önünde bulunan iki bank sorun oldu ,27
https://www.sozcu.com.tr/2020/gundem/chpli-belediyenin-ismine-bile-tahammul-edemediler-5788646/,2,chp li̇ beledi̇yeni̇n üstünü boyadilar ,5
https://www.sozcu.com.tr/2020/gundem/chpli-belediyenin-ismine-bile-tahammul-edemediler-5788646/,3,kitabın 22 nci sayfasında çivril ilçesindeki savranşah camii görseline yer verildi fakat cami fotoğrafında chp li şişli belediyesi nin gönderdiği iki adet bank da yer alıyordu i̇ddialara göre kitabın baskıya hazırlanması sırasında fotoğraflar üzerindeki yazının silinmesi unutuldu belediyenin ismi yazılı banklar i̇l kültür ve turizm müdürlüğü nde rahatsızlık yarattı ,49
https://www.sozcu.com.tr/2020/gundem/chpli-belediyenin-ismine-bile-tahammul-edemediler-5788646/,4,wp caption text id caption attachment 5788681 basılan kitapta yer alan banklardaki şişli belediyesi yazısı elle boyandı foto sözcü ,19
https://www.sozcu.com.tr/2020/gundem/chpli-belediyenin-ismine-bile-tahammul-edemediler-5788646/,5,vali̇li̇ği̇n tepki̇si̇nden çeki̇ndi̇ler ,3
https://www.sozcu.com.tr/2020/gundem/chpli-belediyenin-ismine-bile-tahammul-edemediler-5788646/,6,valiliğin tepkisinden de çekinen i̇l kültür ve turizm müdürlüğü çareyi tüm kitapları elle boyamakta buldu şişli belediyesi nin banklar üzerindeki ismi boyandıktan sonra kitabın dağıtımı yapıldı ,26
https://www.sozcu.com.tr/2020/gundem/chpli-belediyenin-ismine-bile-tahammul-edemediler-5788646/,7,kitabın tanıtımını sosyal medya hesabından yapan müdürlük konunun duyulmasından sonra paylaşımını geri çekti diğer yandan müdürlüğün internet sayfasında yer alan kitap görsellerinde belediye isminin kaldırılmadığı görüldü ,26
https://www.sozcu.com.tr/2020/gundem/chpli-belediyenin-ismine-bile-tahammul-edemediler-5788646/,8,wp caption text id caption attachment 5788684 i̇l kültür ve turizm müdürlüğü estetik kaygılarla boyandığını iddia etti foto sözcü ,19
https://www.sozcu.com.tr/2020/gundem/chpli-belediyenin-ismine-bile-tahammul-edemediler-5788646/,9,adnan keski̇n ve mustafa sarigül ayrintisi ,6
https://www.sozcu.com.tr/2020/gundem/chpli-belediyenin-ismine-bile-tahammul-edemediler-5788646/,10,şişli belediyesi ne ait bankların çivril nasıl geldiği de ortaya çıktı çivrilli olan bayındırlık ve i̇skan eski bakanı chp eski genel sekreteri adnan keskin yaklaşık on yıl önce cami cemaatinin kendisinden oturma grubu istemesi üzerine dönemin şişli belediye başkanı mustafa sarıgül den talepte bulunmuş da iki adet bankı çivril göndermişti ,50
https://www.sozcu.com.tr/2020/gundem/chpli-belediyenin-ismine-bile-tahammul-edemediler-5788646/,11,bu neyi̇n hazimsizliği ,3
https://www.sozcu.com.tr/2020/gundem/chpli-belediyenin-ismine-bile-tahammul-edemediler-5788646/,12,olayın üzerinden çok zaman geçtiğini söyleyen adnan keskin olayı duyduğumda çok üzüldüm gelen talep üzerine bankları getirtmiştim ülkemizde siyasetin bürokrasinin geldiği son nokta şişli belediyesi bu ülkenin belediyesi değil mi 10 yıl önce ihtiyaç duyulmuş insanlar işini görsün diye konulmuş bundan hangi mantığa akla ve vicdana dayanarak rahatsızlık duyulur anlamakta zorluk çekiyorum diye konuştu ,54
https://www.sozcu.com.tr/2020/gundem/chpli-belediyenin-ismine-bile-tahammul-edemediler-5788646/,13,akyol esteti̇k amaçli si̇li̇ndi̇ ,4
https://www.sozcu.com.tr/2020/gundem/chpli-belediyenin-ismine-bile-tahammul-edemediler-5788646/,14,denizli i̇l kültür ve turizm müdürü turhan veli akyol ise herhangi bir partiye düşmanlık olmadığını belirterek şunları söyledi ,18
https://www.sozcu.com.tr/2020/gundem/chpli-belediyenin-ismine-bile-tahammul-edemediler-5788646/,15,özellikle bir karalama yok silinen yazının şişli belediyesi olması nedeniyle algı yaratılmaya çalışılıyor bu camimiz renkli estetik bir görüntüye sahip ,20
https://www.sozcu.com.tr/2020/gundem/chpli-belediyenin-ismine-bile-tahammul-edemediler-5788646/,16,banklar üzerindeki yazı estetiği bozuyordu dikkat edilirse orada siyah yazı fotoğrafa hiç gitmiyordu biz insiyatif kullanarak estetiği korumaya çalıştık ,19
https://www.sozcu.com.tr/2020/gundem/chpli-belediyenin-ismine-bile-tahammul-edemediler-5788646/,17,aynı fotoğrafta bir de siyah çanta vardı onu da kaldırdık öyle kimseye bir düşmanlığımız yok kitabın 21 nci sayfasında benzer bir fotoğraf var ,23
https://www.sozcu.com.tr/2020/gundem/chpli-belediyenin-ismine-bile-tahammul-edemediler-5788646/,18,fotoğraftaki şişli belediyesi yazısını kaldırmadık bunlar kalem işi camiler orada siyahlık çok sırıtıyordu kimse bundan başka anlam çıkarmaya çalışmasın ,19
